row_id,rule_violation
2029,0.3988356590281398
2030,0.47625462441352506
2031,0.5972119657981851
2032,0.578116395171742
2033,0.7129832241735135
2034,0.19191130268533685
2035,0.6629648963444493
2036,0.3792032196190458
2037,0.17104556257380393
2038,0.7316957753644001
