row_id,rule_violation
2029,0.4118359922903063
2030,0.3087293472629847
2031,0.549161264584524
2032,0.487904613088056
2033,0.6879602117235523
2034,0.2694208985989368
2035,0.5283516803160706
2036,0.43856988649230894
2037,0.2402045426895045
2038,0.545600060538884
